,"2017","2017","2017","2017","2017","2017","2016","2016","2016","2016","2016","2016","2015","2015","2015","2015","2015","2015","2014","2014","2014","2014","2014","2014","2013","2013","2013","2013","2013","2013","2012","2012","2012","2012","2012","2012","2011","2011","2011","2011","2011","2011","2010","2010","2010","2010","2010","2010","2009","2009","2009","2009","2009","2009","2008","2008","2008","2008","2008","2008","2007","2007","2007","2007","2007","2007","2006","2006","2006","2006","2006","2006","2005","2005","2005","2005","2005","2005","2004","2004","2004","2004","2004","2004","2003","2003","2003","2003","2003","2003","2002","2002","2002","2002","2002","2002","2001","2001","2001","2001","2001","2001","2000","2000","2000","2000","2000","2000"
,"Population using at least basic sanitation services (%)","Population using at least basic sanitation services (%)","Population using at least basic sanitation services (%)","Population using safely managed sanitation services (%)","Population using safely managed sanitation services (%)","Population using safely managed sanitation services (%)","Population using at least basic sanitation services (%)","Population using at least basic sanitation services (%)","Population using at least basic sanitation services (%)","Population using safely managed sanitation services (%)","Population using safely managed sanitation services (%)","Population using safely managed sanitation services (%)","Population using at least basic sanitation services (%)","Population using at least basic sanitation services (%)","Population using at least basic sanitation services (%)","Population using safely managed sanitation services (%)","Population using safely managed sanitation services (%)","Population using safely managed sanitation services (%)","Population using at least basic sanitation services (%)","Population using at least basic sanitation services (%)","Population using at least basic sanitation services (%)","Population using safely managed sanitation services (%)","Population using safely managed sanitation services (%)","Population using safely managed sanitation services (%)","Population using at least basic sanitation services (%)","Population using at least basic sanitation services (%)","Population using at least basic sanitation services (%)","Population using safely managed sanitation services (%)","Population using safely managed sanitation services (%)","Population using safely managed sanitation services (%)","Population using at least basic sanitation services (%)","Population using at least basic sanitation services (%)","Population using at least basic sanitation services (%)","Population using safely managed sanitation services (%)","Population using safely managed sanitation services (%)","Population using safely managed sanitation services (%)","Population using at least basic sanitation services (%)","Population using at least basic sanitation services (%)","Population using at least basic sanitation services (%)","Population using safely managed sanitation services (%)","Population using safely managed sanitation services (%)","Population using safely managed sanitation services (%)","Population using at least basic sanitation services (%)","Population using at least basic sanitation services (%)","Population using at least basic sanitation services (%)","Population using safely managed sanitation services (%)","Population using safely managed sanitation services (%)","Population using safely managed sanitation services (%)","Population using at least basic sanitation services (%)","Population using at least basic sanitation services (%)","Population using at least basic sanitation services (%)","Population using safely managed sanitation services (%)","Population using safely managed sanitation services (%)","Population using safely managed sanitation services (%)","Population using at least basic sanitation services (%)","Population using at least basic sanitation services (%)","Population using at least basic sanitation services (%)","Population using safely managed sanitation services (%)","Population using safely managed sanitation services (%)","Population using safely managed sanitation services (%)","Population using at least basic sanitation services (%)","Population using at least basic sanitation services (%)","Population using at least basic sanitation services (%)","Population using safely managed sanitation services (%)","Population using safely managed sanitation services (%)","Population using safely managed sanitation services (%)","Population using at least basic sanitation services (%)","Population using at least basic sanitation services (%)","Population using at least basic sanitation services (%)","Population using safely managed sanitation services (%)","Population using safely managed sanitation services (%)","Population using safely managed sanitation services (%)","Population using at least basic sanitation services (%)","Population using at least basic sanitation services (%)","Population using at least basic sanitation services (%)","Population using safely managed sanitation services (%)","Population using safely managed sanitation services (%)","Population using safely managed sanitation services (%)","Population using at least basic sanitation services (%)","Population using at least basic sanitation services (%)","Population using at least basic sanitation services (%)","Population using safely managed sanitation services (%)","Population using safely managed sanitation services (%)","Population using safely managed sanitation services (%)","Population using at least basic sanitation services (%)","Population using at least basic sanitation services (%)","Population using at least basic sanitation services (%)","Population using safely managed sanitation services (%)","Population using safely managed sanitation services (%)","Population using safely managed sanitation services (%)","Population using at least basic sanitation services (%)","Population using at least basic sanitation services (%)","Population using at least basic sanitation services (%)","Population using safely managed sanitation services (%)","Population using safely managed sanitation services (%)","Population using safely managed sanitation services (%)","Population using at least basic sanitation services (%)","Population using at least basic sanitation services (%)","Population using at least basic sanitation services (%)","Population using safely managed sanitation services (%)","Population using safely managed sanitation services (%)","Population using safely managed sanitation services (%)","Population using at least basic sanitation services (%)","Population using at least basic sanitation services (%)","Population using at least basic sanitation services (%)","Population using safely managed sanitation services (%)","Population using safely managed sanitation services (%)","Population using safely managed sanitation services (%)"
"Country","Rural","Urban","Total","Rural","Urban","Total","Rural","Urban","Total","Rural","Urban","Total","Rural","Urban","Total","Rural","Urban","Total","Rural","Urban","Total","Rural","Urban","Total","Rural","Urban","Total","Rural","Urban","Total","Rural","Urban","Total","Rural","Urban","Total","Rural","Urban","Total","Rural","Urban","Total","Rural","Urban","Total","Rural","Urban","Total","Rural","Urban","Total","Rural","Urban","Total","Rural","Urban","Total","Rural","Urban","Total","Rural","Urban","Total","Rural","Urban","Total","Rural","Urban","Total","Rural","Urban","Total","Rural","Urban","Total","Rural","Urban","Total","Rural","Urban","Total","Rural","Urban","Total","Rural","Urban","Total","Rural","Urban","Total","Rural","Urban","Total","Rural","Urban","Total","Rural","Urban","Total","Rural","Urban","Total","Rural","Urban","Total","Rural","Urban","Total"
"Afghanistan","37","62","43","","","","36","60","42","","","","35","58","41","","","","34","55","39","","","","33","53","38","","","","32","51","37","","","","31","49","35","","","","30","46","34","","","","29","44","33","","","","28","42","32","","","","27","40","30","","","","27","38","29","","","","26","36","28","","","","25","35","27","","","","24","33","26","","","","23","31","25","","","","22","30","24","","","","22","30","24","","",""
"Albania","97","98","98","39","40","40","97","98","98","39","40","40","97","98","98","39","40","40","97","98","98","39","40","40","96","98","97","39","40","40","95","98","97","38","40","39","94","98","96","38","40","39","93","98","96","37","40","39","92","98","95","37","40","38","91","98","94","36","40","38","90","98","94","36","40","38","89","98","93","36","40","38","88","97","92","36","40","38","86","97","91","36","40","38","85","97","91","37","40","38","84","97","90","37","40","38","83","97","89","37","40","38","82","97","88","38","40","39"
"Algeria","82","90","88","21","16","18","82","90","88","21","16","18","82","90","87","21","16","18","82","90","87","21","17","18","81","90","87","21","17","18","80","90","87","20","17","18","80","90","87","20","17","18","79","90","87","20","17","18","78","90","86","20","17","18","78","90","86","20","17","18","77","91","86","20","17","18","76","91","86","20","17","18","76","91","85","20","18","18","75","91","85","20","18","18","74","91","85","20","18","18","74","91","84","19","18","18","73","91","84","19","18","19","72","91","84","19","18","19"
"Andorra","100","100","100","100","100","100","100","100","100","100","100","100","100","100","100","100","100","100","100","100","100","100","100","100","100","100","100","100","100","100","100","100","100","100","100","100","100","100","100","94","94","94","100","100","100","86","86","86","100","100","100","79","79","79","100","100","100","72","72","72","100","100","100","65","65","65","100","100","100","58","58","58","100","100","100","51","51","51","100","100","100","43","43","43","100","100","100","36","36","36","100","100","100","29","29","29","100","100","100","22","22","22","100","100","100","15","15","15"
"Angola","23","64","50","","","","22","63","49","","","","21","62","47","","","","20","61","46","","","","20","60","45","","","","19","59","44","","","","18","58","42","","","","17","57","41","","","","16","56","40","","","","15","55","39","","","","14","54","37","","","","13","53","36","","","","12","52","35","","","","11","51","33","","","","10","50","32","","","","9","49","30","","","","8","49","29","","","","8","48","28","","",""
"Antigua and Barbuda","","","88","","","","","","88","","","","","","88","","","","","","88","","","","","","88","","","","","","87","","","","","","87","","","","","","86","","","","","","86","","","","","","86","","","","","","85","","","","","","85","","","","","","84","","","","","","84","","","","","","84","","","","","","83","","","","","","83","","","","","","82","","",""
"Argentina","","96","","","","","77","96","94","","","","77","96","94","","","","77","96","94","","","","77","96","94","","","","77","95","94","","","","76","95","93","","","","75","94","93","","","","75","94","92","","","","74","93","91","","","","73","93","91","","","","73","92","90","","","","72","92","90","","","","71","91","89","","","","71","91","89","","","","70","90","88","","","","69","90","88","","","","69","89","87","","",""
"Armenia","83","100","94","","45","48","83","100","93","","45","48","82","99","93","","45","48","82","99","93","","45","48","82","98","92","","45","48","81","98","92","","45","48","81","97","91","","45","48","81","97","91","","45","48","80","96","91","","45","48","80","96","90","","45","48","80","96","90","","45","48","79","95","89","","45","48","79","95","89","","45","48","78","94","88","","45","48","78","94","88","","45","48","78","93","88","","45","48","77","93","87","","45","47","77","92","87","","45","47"
"Australia","","","100","","","76","","","100","","","75","","","100","","","74","","","100","","","73","","","100","","","72","","","100","","","71","","","100","","","70","","","100","","","69","","","100","","","69","","","100","","","68","","","100","","","67","","","100","","","66","","","100","","","65","","","100","","","64","","","100","","","64","","","100","","","64","","","100","","","64","","","100","","","64"
"Austria","100","100","100","92","100","97","100","100","100","92","100","97","100","100","100","92","100","97","100","100","100","92","100","97","100","100","100","92","100","97","100","100","100","92","100","97","100","100","100","92","100","97","100","100","100","92","100","97","100","100","100","92","100","97","100","100","100","92","100","97","100","100","100","92","100","97","100","100","100","92","100","97","100","100","100","92","100","97","100","100","100","92","100","97","100","100","100","92","100","97","100","100","100","92","100","97","100","100","100","92","100","97","100","100","100","92","100","97"
"Azerbaijan","88","96","93","","92","","88","96","92","","92","","88","96","92","","92","","85","96","91","","92","","83","95","89","","91","","81","92","87","","89","","78","90","85","","87","","76","88","83","","85","","73","86","80","","83","","71","84","78","","81","","69","82","76","","79","","66","80","74","","77","","64","79","72","","75","","62","77","69","","74","","59","76","68","","73","","57","75","66","","72","","55","74","65","","71","","53","73","63","","70",""
"Bahamas","","","95","","","","","","95","","","","","","95","","","","","","95","","","","","","94","","","","","","94","","","","","","93","","","","","","93","","","","","","92","","","","","","92","","","","","","91","","","","","","91","","","","","","90","","","","","","90","","","","","","89","","","","","","89","","","","","","88","","","","","","88","","",""
"Bahrain","","","100","","","96","","","100","","","96","","","100","","","96","","","100","","","96","","","100","","","96","","","100","","","96","","","100","","","96","","","100","","","96","","","100","","","96","","","100","","","96","","","100","","","96","","","100","","","96","","","100","","","96","","","100","","","96","","","100","","","96","","","100","","","96","","","100","","","96","","","100","","","96"
"Bangladesh","47","51","48","32","","","45","50","47","31","","","44","50","46","30","","","42","50","44","29","","","40","49","43","28","","","38","49","42","26","","","37","49","41","25","","","35","49","39","24","","","33","48","38","23","","","32","48","37","22","","","30","48","35","21","","","29","48","34","20","","","27","47","32","19","","","25","47","31","17","","","24","46","30","17","","","23","45","28","16","","","21","45","27","15","","","20","44","26","14","",""
"Barbados","","","97","","","","","","97","","","","","","96","","","","","","96","","","","","","95","","","","","","95","","","","","","94","","","","","","94","","","","","","93","","","","","","93","","","","","","92","","","","","","92","","","","","","91","","","","","","91","","","","","","90","","","","","","90","","","","","","89","","","","","","89","","",""
"Belarus","96","98","98","76","82","81","96","98","98","77","81","80","96","98","98","78","83","82","96","98","98","79","84","83","96","97","97","80","84","83","96","97","97","82","85","84","96","96","96","83","85","85","96","95","95","85","86","86","96","94","95","86","86","86","96","94","94","87","87","87","96","93","94","89","87","88","96","92","93","90","87","88","96","91","93","91","88","89","96","91","92","93","88","89","96","90","92","94","88","90","96","90","92","94","88","90","96","90","92","94","88","90","96","90","92","94","88","90"
"Belgium","99","99","99","","","97","99","99","99","","","97","99","99","99","","","97","99","99","99","","","95","99","99","99","","","93","99","99","99","","","92","99","99","99","","","91","99","99","99","","","90","99","99","99","","","90","99","99","99","","","89","99","99","99","","","88","99","99","99","","","88","99","99","99","","","87","99","99","99","","","86","99","99","99","","","86","99","99","99","","","86","99","99","99","","","86","99","99","99","","","86"
"Belize","83","93","88","","","","83","93","88","","","","83","92","87","","","","83","92","87","","","","83","91","87","","","","83","91","86","","","","83","90","86","","","","82","90","86","","","","82","89","85","","","","82","89","85","","","","82","88","85","","","","82","88","84","","","","82","87","84","","","","81","87","84","","","","81","86","83","","","","81","86","83","","","","80","86","83","","","","80","85","82","","",""
"Benin","8","27","16","","","","8","27","16","","","","7","26","16","","","","7","26","16","","","","7","25","15","","","","6","25","15","","","","6","24","14","","","","5","24","13","","","","5","23","13","","","","5","23","12","","","","4","22","12","","","","4","22","11","","","","4","21","11","","","","3","21","10","","","","3","20","10","","","","3","20","9","","","","2","19","9","","","","2","19","9","","",""
"Bhutan","67","73","69","","","","65","73","68","","","","64","73","67","","","","62","73","66","","","","61","73","65","","","","59","73","64","","","","57","73","63","","","","56","73","62","","","","54","73","61","","","","53","73","60","","","","51","74","58","","","","49","74","57","","","","48","74","56","","","","46","74","54","","","","45","74","53","","","","43","74","52","","","","41","74","50","","","","41","74","50","","",""
"Bolivia (Plurinational State of)","36","72","61","","25","23","35","70","59","","24","22","33","68","57","","23","22","32","66","55","","23","21","30","64","53","","22","20","29","62","51","","21","19","28","60","50","","21","19","26","59","48","","20","18","25","57","46","","20","17","24","55","44","","19","17","23","53","43","","18","16","21","52","41","","18","15","20","51","40","","18","15","19","50","39","","17","15","18","49","38","","17","14","17","48","37","","17","14","16","47","36","","17","13","15","47","35","","16","13"
"Bosnia and Herzegovina","92","99","95","","11","22","92","99","95","","11","21","92","99","95","","10","21","92","99","95","","10","21","92","99","95","","9","20","92","99","95","","9","20","92","99","95","","9","20","92","99","95","","9","20","92","99","95","","8","20","92","99","95","","8","20","92","99","95","","8","19","92","99","95","","8","19","92","99","95","","7","19","92","99","95","","7","19","92","99","95","","7","19","92","99","95","","6","19","93","99","95","","6","19","93","98","95","","6","19"
"Botswana","51","89","77","","","","50","88","76","","","","49","87","75","","","","48","86","73","","","","47","85","72","","","","45","84","70","","","","44","82","69","","","","43","81","67","","","","42","80","65","","","","41","79","63","","","","40","77","62","","","","39","76","60","","","","38","75","59","","","","37","74","57","","","","36","72","56","","","","35","71","55","","","","34","70","53","","","","33","69","52","","",""
"Brazil","60","93","88","","52","49","59","92","87","","49","47","57","91","87","","47","45","56","91","86","","45","43","54","90","85","","43","41","53","89","84","","41","39","52","89","83","","38","37","50","88","82","","37","35","49","87","81","","35","33","47","87","80","","33","31","46","86","79","","31","30","45","85","78","","29","28","43","85","78","","29","28","42","84","77","","29","27","40","83","76","","29","27","39","83","75","","29","27","37","82","74","","29","27","36","81","73","","29","27"
"Brunei Darussalam","","","","","","","","","","","","","","","96","","","","","","96","","","","","","96","","","","","","96","","","","","","96","","","","","","96","","","","","","96","","","","","","96","","","","","","96","","","","","","","","","","","","","","","","","","","","","","","","","","","","","","","","","","","","","","","","","","","","",""
"Bulgaria","84","87","86","","73","64","84","87","86","","71","62","84","87","86","","69","61","84","87","86","","67","59","84","87","86","","65","57","84","87","86","","63","55","84","87","86","","61","53","84","87","86","","59","51","84","87","86","","57","49","84","87","86","","55","48","84","87","86","","55","48","84","87","86","","55","48","84","87","86","","55","48","84","87","86","","55","48","84","87","86","","55","48","84","87","86","","55","48","84","87","86","","55","48","84","87","86","","56","48"
"Burkina Faso","11","39","19","","","","11","40","19","","","","10","41","19","","","","10","42","19","","","","10","42","18","","","","9","43","18","","","","9","44","17","","","","8","44","17","","","","7","45","17","","","","7","46","16","","","","6","46","16","","","","6","47","15","","","","5","48","14","","","","5","48","14","","","","4","49","13","","","","3","50","12","","","","3","50","12","","","","3","50","11","","",""
"Burundi","46","42","46","","","","46","42","46","","","","46","42","46","","","","46","42","46","","","","46","42","46","","","","46","42","46","","","","46","43","46","","","","46","43","46","","","","46","43","46","","","","46","43","46","","","","46","43","46","","","","46","43","46","","","","46","43","46","","","","46","43","46","","","","46","43","46","","","","46","42","46","","","","46","41","45","","","","46","41","45","","",""
"Cabo Verde","62","80","74","","","","60","79","72","","","","58","77","70","","","","56","76","69","","","","53","75","67","","","","51","73","65","","","","48","72","63","","","","46","70","61","","","","44","69","59","","","","41","67","57","","","","39","66","55","","","","37","64","53","","","","34","63","51","","","","32","61","49","","","","29","60","46","","","","27","58","44","","","","25","57","42","","","","22","56","40","","",""
"Cambodia","48","96","59","","","","46","94","57","","","","43","91","53","","","","40","88","50","","","","37","85","47","","","","34","82","44","","","","31","78","41","","","","28","75","38","","","","25","72","35","","","","23","69","32","","","","20","66","29","","","","17","63","26","","","","15","60","23","","","","12","58","21","","","","9","55","18","","","","7","52","15","","","","4","49","13","","","","2","46","10","","",""
"Cameroon","18","56","39","","","","18","56","39","","","","18","56","39","","","","19","56","39","","","","19","56","39","","","","20","56","39","","","","21","56","39","","","","21","56","39","","","","22","56","39","","","","22","56","39","","","","23","56","39","","","","24","56","39","","","","24","56","39","","","","25","56","40","","","","25","56","40","","","","26","55","40","","","","27","56","40","","","","27","56","40","","",""
"Canada","99","99","99","82","82","82","99","99","99","82","82","82","99","99","99","82","83","82","99","100","99","82","83","82","99","100","99","82","83","83","99","100","99","82","83","83","99","100","100","82","83","83","99","100","100","82","82","82","99","100","100","81","81","81","99","100","100","80","81","81","99","100","100","80","80","80","99","100","100","79","79","79","99","100","100","79","79","79","99","100","100","78","78","78","99","100","100","77","78","77","99","100","100","77","77","77","99","100","100","77","77","77","99","100","100","77","77","77"
"Central African Republic","","","","","","","9","49","25","","","","9","49","25","","","","9","49","25","","","","9","49","25","","","","9","49","25","","","","9","47","24","","","","9","45","23","","","","9","43","22","","","","9","41","21","","","","9","39","21","","","","9","38","20","","","","9","36","19","","","","9","34","18","","","","9","32","17","","","","8","30","17","","","","8","28","16","","","","8","26","15","","",""
"Chad","2","30","8","","","","2","30","9","","","","3","31","9","","","","3","31","9","","","","3","31","9","","","","4","31","10","","","","4","31","10","","","","5","31","10","","","","5","31","11","","","","5","31","11","","","","6","30","11","","","","6","30","11","","","","6","29","11","","","","7","28","11","","","","7","28","11","","","","7","27","11","","","","7","26","11","","","","8","26","12","","",""
"Chile","100","100","100","","81","77","100","100","100","","81","76","99","100","100","","81","74","96","100","99","","78","72","94","99","99","","75","69","92","99","98","","72","67","90","99","98","","70","65","88","99","97","","67","63","86","98","97","","64","61","84","98","96","","61","59","82","98","96","","58","57","80","98","95","","55","55","78","97","95","","53","53","76","97","94","","50","51","74","97","94","","47","49","72","97","93","","47","49","70","96","93","","47","49","68","96","92","","47","48"
"China","76","91","85","56","84","72","74","90","83","53","80","68","72","89","82","50","76","65","70","88","80","47","73","61","68","88","78","44","69","57","66","87","77","42","65","54","64","86","75","39","62","51","62","85","74","37","58","48","60","85","72","35","55","45","58","84","70","33","51","42","56","83","68","32","48","39","54","82","67","30","44","36","52","81","65","29","41","34","50","81","63","27","38","32","48","80","61","26","34","29","46","79","59","26","31","28","44","78","57","25","30","27","44","77","56","25","29","27"
"Colombia","76","93","90","","16","17","75","92","89","","16","17","73","91","88","","16","17","71","90","87","","15","16","70","90","85","","15","16","68","89","84","","15","16","66","88","83","","15","16","65","87","82","","15","16","63","86","81","","15","15","62","86","80","","15","15","60","85","79","","14","15","59","84","78","","14","15","57","83","77","","14","15","55","82","76","","14","14","54","82","75","","14","14","52","81","74","","14","14","51","80","73","","14","14","49","79","72","","14","13"
"Comoros","32","45","36","","","","32","45","36","","","","32","45","36","","","","31","44","35","","","","31","45","35","","","","31","45","35","","","","30","45","35","","","","30","45","34","","","","30","46","34","","","","29","46","34","","","","29","46","33","","","","28","46","33","","","","28","46","33","","","","27","46","32","","","","26","46","32","","","","26","45","31","","","","25","45","30","","","","23","44","29","","",""
"Congo","6","27","20","","","","6","26","20","","","","6","26","19","","","","6","25","18","","","","6","24","18","","","","6","23","17","","","","6","23","17","","","","6","22","16","","","","6","21","16","","","","6","21","15","","","","6","20","15","","","","6","19","14","","","","6","18","14","","","","6","18","13","","","","6","17","13","","","","6","17","12","","","","6","16","12","","","","6","16","12","","",""
"Cook Islands","","","98","","","","","","98","","","","","","98","","","","","","98","","","","","","98","","","","","","97","","","","","","97","","","","","","96","","","","","","96","","","","","","96","","","","","","95","","","","","","95","","","","","","94","","","","","","94","","","","","","93","","","","","","93","","","","","","93","","","","","","92","","",""
"Costa Rica","96","98","98","","","","95","98","98","","","","95","98","97","","","","94","98","97","","","","93","98","97","","","","93","98","96","","","","92","97","96","","","","92","97","96","","","","91","97","95","","","","91","97","95","","","","90","97","95","","","","90","97","95","","","","90","97","94","","","","90","97","94","","","","89","97","94","","","","89","97","94","","","","89","97","94","","","","89","97","93","","",""
"CÃ´te d'Ivoire","18","46","32","","","","17","46","31","","","","16","45","31","","","","16","45","30","","","","15","44","29","","","","14","44","28","","","","13","43","28","","","","13","43","27","","","","12","42","26","","","","11","42","25","","","","11","41","25","","","","10","41","24","","","","9","40","23","","","","9","40","23","","","","8","40","22","","","","8","39","22","","","","8","39","21","","","","7","39","21","","",""
"Croatia","95","98","97","","64","58","95","98","97","","64","58","95","98","96","","64","58","95","98","96","","64","58","95","98","96","","64","58","95","98","96","","64","58","95","98","96","","64","58","95","98","96","","64","58","95","98","96","","64","58","95","98","96","","64","58","95","98","96","","64","58","95","98","96","","64","58","95","98","96","","64","58","95","98","96","","64","58","95","98","96","","64","58","95","98","96","","64","58","95","98","96","","64","58","95","98","96","","64","58"
"Cuba","95","92","93","","42","44","95","92","93","","41","44","93","92","92","","40","43","92","92","92","","39","42","90","92","92","","39","41","88","92","91","","38","40","87","92","91","","37","39","85","92","90","","36","38","83","92","90","","35","38","82","92","89","","35","37","80","92","89","","34","36","79","91","88","","33","35","77","91","88","","33","35","75","91","88","","32","34","75","91","87","","32","34","74","91","87","","32","34","74","91","87","","32","34","73","92","87","","32","34"
"Cyprus","98","100","99","","86","75","99","100","99","","86","76","99","100","99","","86","76","99","100","99","","86","76","99","100","99","","86","76","99","100","99","","86","76","99","100","99","","86","76","99","100","100","","86","76","99","100","100","","86","76","99","100","100","","86","76","100","100","100","","86","76","100","100","100","","86","76","100","100","100","","86","76","100","100","100","","86","76","100","100","100","","86","76","100","100","100","","86","76","100","100","100","","86","76","100","100","100","","86","76"
"Czechia","99","99","99","85","98","94","99","99","99","85","98","94","99","99","99","84","97","93","99","99","99","84","96","93","99","99","99","83","95","92","99","99","99","82","94","91","99","99","99","82","93","90","99","99","99","81","92","89","99","99","99","80","91","88","99","99","99","79","91","88","99","99","99","79","90","87","99","99","99","78","89","86","99","99","99","77","88","85","99","99","99","77","87","84","99","99","99","76","86","84","99","99","99","76","86","84","99","99","99","76","86","84","99","99","99","76","86","84"
"Democratic People's Republic of Korea","72","90","83","5","","","72","89","82","7","","","71","88","82","9","","","71","87","81","11","","","70","86","80","13","","","70","86","79","15","","","70","85","79","17","","","69","84","78","18","","","69","83","77","20","","","68","82","77","22","","","68","81","76","24","","","67","81","75","24","","","67","81","75","24","","","67","81","75","24","","","67","81","75","24","","","67","81","75","24","","","","","","","","","","","","","",""
"Democratic Republic of the Congo","18","23","20","","","","18","23","20","","","","18","23","20","","","","18","23","20","","","","19","23","20","","","","19","23","20","","","","19","23","20","","","","19","23","21","","","","19","23","21","","","","19","23","21","","","","19","23","21","","","","19","23","21","","","","19","23","21","","","","19","23","21","","","","20","23","21","","","","20","23","21","","","","20","23","21","","","","20","23","21","","",""
"Denmark","100","100","100","","","95","100","100","100","","","95","100","100","100","","","95","100","100","100","","","94","100","100","100","","","94","100","100","100","","","94","100","100","100","","","93","100","100","100","","","93","100","100","100","","","93","100","100","100","","","92","100","100","100","","","92","100","100","100","","","92","100","100","100","","","92","100","100","100","","","92","100","100","100","","","92","100","100","100","","","92","100","100","100","","","92","100","100","100","","","92"
"Djibouti","19","76","64","19","41","36","19","75","62","18","41","36","18","74","61","18","40","35","18","72","60","17","39","34","17","71","59","17","38","33","17","69","57","16","37","32","16","68","56","16","36","32","15","67","55","15","36","31","15","65","54","14","35","30","14","64","52","14","34","29","14","62","51","13","33","28","13","61","50","13","32","28","13","59","49","12","31","27","12","58","47","12","30","26","12","58","47","12","30","26","12","58","47","12","30","26","12","58","47","12","30","26","12","58","47","12","30","26"
"Dominica","","","","","","","","","","","","","","","78","","","","","","78","","","","","","78","","","","","","78","","","","","","78","","","","","","77","","","","","","75","","","","","","74","","","","","","73","","","","","","72","","","","","","70","","","","","","69","","","","","","68","","","","","","67","","","","","","65","","","","","","64","","",""
"Dominican Republic","74","86","84","","","","73","86","84","","","","73","86","83","","","","73","86","83","","","","73","85","82","","","","73","85","82","","","","73","85","82","","","","73","85","81","","","","73","84","81","","","","72","84","81","","","","72","84","80","","","","72","83","80","","","","72","83","79","","","","72","83","79","","","","72","83","79","","","","72","82","78","","","","71","82","78","","","","71","82","78","","",""
"Ecuador","83","91","88","57","33","42","81","91","87","56","34","42","80","90","86","56","34","42","78","89","85","55","35","42","76","88","84","54","35","42","75","88","83","53","36","42","73","87","82","52","36","42","71","86","81","51","36","42","69","85","79","51","37","42","68","85","78","50","37","42","66","84","77","49","37","42","64","83","76","48","38","42","63","83","75","47","38","42","61","82","74","47","38","42","59","81","73","46","39","41","57","81","72","45","39","41","56","81","71","44","40","41","54","80","70","43","40","41"
"Egypt","91","98","94","","71","61","91","98","94","","70","60","91","98","94","","69","60","91","98","94","","69","59","91","98","94","","68","59","91","97","94","","68","58","91","97","94","","67","58","91","97","93","","67","57","91","97","93","","67","57","91","97","93","","66","56","91","96","93","","66","56","90","96","93","","65","55","90","96","93","","65","55","90","96","93","","64","54","90","96","93","","64","54","90","95","92","","64","54","90","95","92","","64","54","90","95","92","","64","54"
"El Salvador","79","91","87","","","","78","91","87","","","","78","91","87","","","","78","91","87","","","","78","91","87","","","","77","91","86","","","","77","91","86","","","","77","90","86","","","","77","90","85","","","","76","90","85","","","","76","90","85","","","","76","90","85","","","","75","90","84","","","","75","90","84","","","","74","90","84","","","","74","90","83","","","","74","90","83","","","","74","90","83","","",""
"Equatorial Guinea","57","70","66","","","","57","70","66","","","","57","70","66","","","","57","70","66","","","","57","70","66","","","","56","69","65","","","","55","69","65","","","","55","69","64","","","","54","68","63","","","","53","68","62","","","","52","67","61","","","","51","67","60","","","","50","67","60","","","","49","66","59","","","","48","66","58","","","","47","65","57","","","","46","65","56","","","","46","64","55","","",""
"Eritrea","","","","","","","6","22","12","","","","6","22","12","","","","6","22","12","","","","6","22","12","","","","6","22","12","","","","5","22","11","","","","5","23","11","","","","5","23","11","","","","4","24","11","","","","4","24","11","","","","3","25","10","","","","3","25","10","","","","3","26","10","","","","2","26","9","","","","2","26","9","","","","2","27","9","","","","1","27","8","","",""
"Estonia","99","99","99","94","99","97","99","99","99","94","99","97","99","99","99","94","98","97","99","99","99","94","98","97","99","99","99","94","98","97","99","99","99","94","97","96","99","99","99","94","97","96","99","99","99","94","97","96","99","99","99","94","97","96","99","99","99","94","97","96","99","100","99","94","97","96","99","100","100","94","97","96","99","100","100","94","97","96","99","100","100","93","97","96","99","100","100","93","97","96","99","100","100","93","97","96","99","100","100","93","97","96","99","100","100","93","97","96"
"Eswatini","61","51","58","","","","61","51","58","","","","60","52","58","","","","59","53","57","","","","58","54","57","","","","57","56","56","","","","56","57","56","","","","55","58","55","","","","54","59","55","","","","53","60","54","","","","52","61","54","","","","51","62","53","","","","50","64","53","","","","49","65","52","","","","48","66","52","","","","47","67","51","","","","46","68","51","","","","45","68","50","","",""
"Ethiopia","4","20","7","4","","","4","19","7","4","","","4","19","7","4","","","4","19","7","3","","","4","19","6","3","","","3","19","6","3","","","3","18","6","3","","","3","18","6","3","","","3","18","5","3","","","3","18","5","2","","","3","17","5","2","","","2","17","5","2","","","2","17","5","2","","","2","17","4","2","","","2","17","4","2","","","2","16","4","1","","","1","16","4","1","","","1","16","3","1","",""
"Fiji","95","95","95","","","","95","95","95","","","","94","95","95","","","","92","95","93","","","","90","94","92","","","","88","94","91","","","","86","94","90","","","","85","93","89","","","","83","93","88","","","","81","92","87","","","","79","92","86","","","","77","92","84","","","","75","91","83","","","","73","91","82","","","","72","91","81","","","","70","90","80","","","","70","90","80","","","","70","90","80","","",""
"Finland","99","99","99","","99","99","99","99","99","","99","99","99","99","99","","99","99","99","99","99","","99","99","99","99","99","","99","99","99","99","99","","99","99","99","99","99","","99","99","99","99","99","","99","99","99","99","99","","99","99","99","99","99","","99","99","99","99","99","","99","99","99","99","99","","99","99","99","99","99","","99","99","99","99","99","","99","99","99","99","99","","99","99","99","99","99","","99","99","99","99","99","","99","99","99","99","99","","99","99"
"France","99","99","99","","","88","99","99","99","","","88","99","99","99","","","88","99","99","99","","","89","99","99","99","","","89","99","99","99","","","89","99","99","99","","","89","99","99","99","","","89","99","99","99","","","89","99","99","99","","","89","99","99","99","","","89","99","99","99","","","89","99","99","99","","","89","99","99","99","","","89","99","99","99","","","89","99","99","99","","","89","99","99","99","","","89","99","99","99","","","89"
"Gabon","37","49","47","","","","37","49","47","","","","37","49","47","","","","38","48","47","","","","37","48","46","","","","37","47","45","","","","36","46","44","","","","36","45","43","","","","35","44","42","","","","35","43","42","","","","34","42","41","","","","34","41","40","","","","33","40","39","","","","33","39","38","","","","32","38","37","","","","32","37","36","","","","31","36","35","","","","31","36","34","","",""
"Gambia","30","45","39","","","","30","45","39","","","","30","45","39","","","","32","46","40","","","","34","46","41","","","","36","46","42","","","","38","47","43","","","","41","47","44","","","","43","47","45","","","","45","48","46","","","","48","48","48","","","","50","48","49","","","","53","48","50","","","","55","49","52","","","","58","49","53","","","","60","50","55","","","","62","50","56","","","","64","51","58","","",""
"Georgia","83","95","90","","16","27","84","95","90","","15","27","84","95","90","","14","26","85","95","91","","14","26","86","95","91","","13","26","87","95","91","","12","25","87","95","91","","11","25","88","95","92","","11","25","89","94","92","","10","24","90","94","92","","9","24","91","94","93","","9","24","91","94","93","","8","23","92","94","93","","7","23","93","94","93","","6","22","94","94","94","","6","22","95","94","94","","5","22","95","94","95","","5","22","96","94","95","","5","22"
"Germany","99","99","99","92","99","97","99","99","99","92","99","97","99","99","99","92","99","97","99","99","99","92","99","97","99","99","99","92","99","97","99","99","99","91","98","97","99","99","99","91","98","97","99","99","99","91","98","97","99","99","99","91","98","96","99","99","99","91","98","96","99","99","99","91","98","96","99","99","99","91","98","96","99","99","99","91","97","96","99","99","99","90","97","96","99","99","99","90","97","96","99","99","99","90","97","95","99","99","99","90","97","95","99","99","99","90","97","95"
"Ghana","12","24","18","","","","11","23","18","","","","11","22","17","","","","10","22","16","","","","10","21","16","","","","9","21","15","","","","9","20","15","","","","8","19","14","","","","8","19","13","","","","7","18","13","","","","7","18","12","","","","6","17","12","","","","6","16","11","","","","6","16","10","","","","5","15","10","","","","5","15","9","","","","4","14","9","","","","4","14","9","","",""
"Greece","98","99","99","","97","90","98","99","99","","96","89","98","99","99","","95","89","98","99","99","","94","88","98","99","99","","93","87","98","99","99","","92","86","97","99","99","","92","85","97","99","98","","91","84","97","99","98","","90","83","97","99","98","","89","82","96","99","98","","88","82","96","99","98","","88","81","95","99","98","","87","80","95","99","98","","86","79","95","99","98","","85","78","95","99","98","","84","78","95","99","97","","83","77","94","98","97","","83","76"
"Grenada","","","91","","","","","","91","","","","","","91","","","","","","91","","","","","","91","","","","","","92","","","","","","92","","","","","","92","","","","","","92","","","","","","92","","","","","","92","","","","","","91","","","","","","91","","","","","","91","","","","","","91","","","","","","90","","","","","","90","","","","","","90","","",""
"Guatemala","51","79","65","","","","50","79","65","","","","50","80","65","","","","50","80","65","","","","50","80","65","","","","50","80","65","","","","50","80","65","","","","50","80","65","","","","50","80","65","","","","50","80","64","","","","50","81","64","","","","49","81","64","","","","49","81","64","","","","49","81","64","","","","49","81","64","","","","49","81","64","","","","48","81","63","","","","48","82","63","","",""
"Guinea","17","34","23","","","","16","33","22","","","","15","32","21","","","","14","32","20","","","","13","31","19","","","","13","31","19","","","","12","30","18","","","","11","30","17","","","","10","29","17","","","","9","29","16","","","","9","28","15","","","","8","28","14","","","","7","27","13","","","","6","27","13","","","","5","26","12","","","","5","25","11","","","","4","24","10","","","","3","24","9","","",""
"Guinea-Bissau","8","37","21","","","","8","37","20","","","","8","36","20","","","","8","35","19","","","","8","34","19","","","","7","33","18","","","","7","33","17","","","","7","32","17","","","","7","31","16","","","","7","30","16","","","","6","29","15","","","","6","29","15","","","","6","28","14","","","","6","27","14","","","","5","26","13","","","","5","26","13","","","","5","25","12","","","","4","25","12","","",""
"Guyana","84","92","86","","","","84","92","86","","","","83","91","85","","","","83","91","85","","","","83","90","85","","","","82","90","84","","","","82","89","84","","","","81","89","83","","","","81","88","83","","","","81","88","82","","","","80","87","82","","","","80","87","82","","","","79","86","81","","","","79","86","81","","","","79","85","80","","","","78","85","80","","","","77","85","79","","","","77","84","79","","",""
"Haiti","24","44","35","","","","23","43","34","","","","22","42","33","","","","22","41","31","","","","21","40","30","","","","20","39","29","","","","19","38","28","","","","18","37","27","","","","18","36","26","","","","17","35","25","","","","16","34","24","","","","15","33","23","","","","15","32","22","","","","14","31","21","","","","13","30","20","","","","12","29","19","","","","11","29","18","","","","11","28","17","","",""
"Honduras","76","85","81","","35","","74","85","80","","34","","73","84","79","","34","","72","84","78","","34","","70","83","77","","34","","69","83","76","","34","","67","82","75","","34","","66","81","74","","34","","65","81","73","","34","","63","80","72","","34","","62","80","71","","34","","60","79","70","","34","","59","79","69","","34","","58","78","67","","33","","56","77","66","","33","","55","77","65","","33","","53","76","64","","33","","52","76","63","","33",""
"Hungary","99","98","98","98","95","96","99","98","98","98","95","96","99","98","98","98","95","96","99","98","98","98","95","96","99","98","98","98","95","96","99","98","98","98","95","96","99","98","98","98","95","96","99","98","98","98","95","96","99","98","98","98","95","96","99","98","98","98","95","96","99","98","98","98","95","96","99","98","98","98","95","96","99","98","98","98","95","96","99","98","98","98","95","96","99","98","98","98","95","96","99","98","98","98","95","96","99","98","98","98","95","96","99","98","98","98","95","96"
"Iceland","100","99","99","","","82","100","99","99","","","79","100","99","99","","","77","100","99","99","","","75","100","99","99","","","72","100","99","99","","","70","100","99","99","","","68","100","99","99","","","66","100","99","99","","","64","100","99","99","","","61","100","99","99","","","59","100","99","99","","","57","100","99","99","","","55","100","99","99","","","53","100","99","99","","","51","100","99","99","","","49","100","99","99","","","46","100","99","99","","","44"
"India","53","72","60","39","","","50","71","57","37","","","47","69","54","34","","","44","68","52","32","","","41","67","49","30","","","38","65","47","27","","","35","64","44","25","","","32","62","41","23","","","29","61","39","20","","","26","60","36","18","","","23","58","34","16","","","20","57","31","14","","","18","56","29","11","","","15","54","26","9","","","12","53","24","7","","","9","52","21","4","","","6","50","19","3","","","4","49","16","2","",""
"Indonesia","65","80","73","","","","62","79","71","","","","59","78","69","","","","57","77","67","","","","54","76","66","","","","52","75","64","","","","50","74","62","","","","47","73","60","","","","45","72","58","","","","43","71","56","","","","40","70","54","","","","38","69","52","","","","36","68","51","","","","34","67","49","","","","32","66","47","","","","30","65","45","","","","27","64","43","","","","25","63","41","","",""
"Iran (Islamic Republic of)","79","92","88","","","","79","92","88","","","","79","92","88","","","","79","92","88","","","","79","92","88","","","","79","92","88","","","","79","92","88","","","","79","92","88","","","","79","92","88","","","","79","92","88","","","","79","92","88","","","","79","92","88","","","","79","92","88","","","","79","92","88","","","","79","92","88","","","","79","92","87","","","","79","92","87","","","","79","92","87","","",""
"Iraq","88","97","94","45","39","41","86","95","92","44","39","40","84","94","91","43","38","40","81","92","89","42","38","39","79","91","87","42","37","38","77","90","86","41","36","38","75","88","84","40","36","37","73","87","82","39","35","36","71","85","81","38","34","36","69","84","79","38","34","35","67","83","78","37","33","34","65","81","76","36","33","34","63","80","74","35","32","33","61","78","73","35","32","33","60","78","72","34","32","33","58","78","72","33","32","32","57","78","71","32","32","32","56","78","71","31","32","32"
"Ireland","94","89","91","72","88","82","94","89","91","72","88","82","94","89","91","72","88","82","94","89","91","72","86","80","94","89","91","71","83","78","94","89","91","70","80","76","93","89","91","69","77","74","93","89","91","69","74","72","93","89","90","68","71","70","93","89","90","68","68","68","93","89","90","67","65","66","93","89","90","66","62","64","92","88","90","66","60","62","92","88","90","65","57","60","92","88","90","65","54","58","92","88","90","64","51","56","92","88","90","64","48","54","92","88","90","63","45","52"
"Israel","100","100","100","92","94","94","100","100","100","91","93","93","100","100","100","90","92","92","100","100","100","89","91","91","100","100","100","89","90","90","100","100","100","88","90","89","100","100","100","87","89","89","100","100","100","86","88","88","100","100","100","85","87","87","100","100","100","84","86","86","100","100","100","84","85","85","100","100","100","83","85","84","100","100","100","82","84","84","100","100","100","81","83","83","100","100","100","80","82","82","100","100","100","80","81","81","100","100","100","79","80","80","100","100","100","78","80","79"
"Italy","99","99","99","96","96","96","99","99","99","96","96","96","99","99","99","96","96","96","99","99","99","96","96","96","99","99","99","96","96","96","99","99","99","96","96","96","99","99","99","96","96","96","99","99","99","96","96","96","99","99","99","96","96","96","99","99","99","96","96","96","99","99","99","96","96","96","99","99","99","96","96","96","","","","","","","","","","","","","","","","","","","","","","","","","","","","","","","","","","","",""
"Jamaica","90","86","87","","","","90","86","87","","","","89","85","87","","","","88","85","87","","","","88","85","86","","","","87","84","86","","","","87","84","85","","","","86","84","85","","","","86","84","85","","","","85","83","84","","","","85","83","84","","","","84","83","84","","","","84","83","83","","","","83","82","83","","","","83","82","82","","","","82","82","82","","","","82","82","82","","","","82","82","82","","",""
"Japan","","","100","","","99","","","100","","","99","","","100","","","99","","","100","","","99","","","100","","","99","","","100","","","99","","","100","","","99","","","100","","","99","","","100","","","99","","","100","","","99","","","100","","","98","","","100","","","98","","","100","","","98","","","100","","","98","","","100","","","98","","","100","","","98","","","100","","","98","","","100","","","97"
"Jordan","96","97","97","","83","81","96","98","97","","83","80","97","98","98","","83","80","97","98","98","","83","80","97","98","98","","83","80","97","98","98","","83","80","97","98","98","","83","79","97","98","98","","83","79","97","98","98","","83","79","97","98","98","","83","78","97","98","98","","83","78","97","98","98","","83","77","98","98","98","","83","77","98","98","98","","83","76","98","99","98","","83","76","98","99","98","","83","76","98","99","98","","83","76","98","99","98","","83","76"
"Kazakhstan","99","97","98","","91","","99","97","98","","91","","99","97","98","","91","","99","97","98","","91","","98","97","98","","91","","98","97","98","","91","","98","97","97","","91","","98","97","97","","92","","98","97","97","","92","","98","97","97","","92","","98","97","97","","92","","98","97","97","","92","","97","97","97","","92","","97","97","97","","93","","97","97","97","","93","","97","97","97","","93","","97","97","97","","93","","97","97","97","","93",""
"Kenya","27","35","29","","","","27","35","29","","","","28","35","30","","","","28","35","30","","","","28","35","30","","","","29","35","30","","","","29","35","31","","","","30","35","31","","","","30","35","31","","","","30","35","31","","","","31","35","32","","","","31","36","32","","","","31","36","32","","","","32","36","33","","","","32","36","33","","","","32","36","33","","","","33","36","33","","","","33","36","34","","",""
"Kiribati","","","48","","","","","","47","","","","","","45","","","","","","44","","","","","","43","","","","","","42","","","","","","40","","","","","","39","","","","","","38","","","","","","36","","","","","","35","","","","","","33","","","","","","32","","","","","","30","","","","","","28","","","","","","27","","","","","","25","","","","","","24","","",""
"Kuwait","","","100","","","100","","","100","","","100","","","100","","","100","","","100","","","100","","","100","","","100","","","100","","","100","","","100","","","100","","","100","","","100","","","100","","","100","","","100","","","100","","","100","","","100","","","100","","","100","","","100","","","100","","","100","","","100","","","100","","","100","","","100","","","100","","","100","","","100","","","100","","","100"
"Kyrgyzstan","99","92","97","","","","99","92","97","","","","99","92","97","","","","99","92","97","","","","99","92","96","","","","98","93","96","","","","97","93","96","","","","97","93","95","","","","96","93","95","","","","96","93","95","","","","95","94","94","","","","94","94","94","","","","94","94","94","","","","93","94","94","","","","93","94","93","","","","92","94","93","","","","92","94","92","","","","92","94","92","","",""
"Lao People's Democratic Republic","64","95","74","56","62","58","61","94","72","53","61","56","58","92","69","51","60","54","56","90","67","49","59","52","53","88","64","47","58","50","50","87","62","44","57","48","48","85","59","42","56","46","45","83","56","39","55","44","42","82","54","37","55","42","40","80","51","35","54","40","37","78","49","32","53","38","34","76","46","30","52","36","31","75","43","28","51","34","29","73","40","25","50","32","26","72","37","23","49","29","23","70","34","20","48","27","20","69","31","18","47","24","17","67","28","15","46","22"
"Latvia","83","96","92","77","90","86","83","96","92","76","90","85","82","96","91","75","89","85","81","96","91","74","89","84","81","96","91","73","88","83","80","96","91","73","88","83","79","96","91","72","87","82","79","96","90","71","87","82","78","96","90","70","87","81","77","96","90","69","86","81","77","96","90","68","86","80","76","96","90","68","86","80","75","96","89","67","86","80","75","96","89","66","86","79","74","96","89","66","86","79","73","96","89","65","86","79","73","96","88","64","86","79","73","96","88","64","86","79"
"Lebanon","","","98","","","22","","","97","","","21","","","95","","","21","","","94","","","21","","","92","","","21","","","91","","","20","","","89","","","20","","","88","","","20","","","86","","","19","","","84","","","19","","","83","","","19","","","81","","","18","","","80","","","18","","","78","","","18","","","77","","","17","","","75","","","17","","","75","","","17","","","75","","","17"
"Lesotho","43","43","43","","","","41","41","41","","","","39","40","39","","","","37","39","37","","","","35","38","36","","","","33","37","34","","","","31","36","32","","","","28","35","30","","","","26","33","28","","","","24","32","26","","","","22","31","24","","","","20","30","22","","","","18","28","20","","","","15","27","18","","","","13","26","16","","","","11","24","14","","","","8","23","11","","","","6","21","9","","",""
"Liberia","6","28","17","","","","6","28","17","","","","6","28","17","","","","6","28","17","","","","5","28","16","","","","5","28","16","","","","5","28","16","","","","5","28","16","","","","5","28","16","","","","5","28","16","","","","5","28","15","","","","5","28","15","","","","5","27","15","","","","4","27","15","","","","4","27","14","","","","4","26","14","","","","4","26","14","","","","4","25","14","","",""
"Libya","","","100","","","26","","","100","","","26","","","100","","","26","","","100","","","27","","","100","","","27","","","99","","","27","","","99","","","27","","","99","","","27","","","99","","","28","","","99","","","28","","","99","","","28","","","98","","","28","","","98","","","28","","","98","","","29","","","98","","","29","","","98","","","29","","","98","","","29","","","97","","","29"
"Lithuania","85","97","93","83","95","91","84","97","93","82","95","91","83","97","92","81","95","90","82","97","92","80","94","90","81","96","91","79","94","89","80","96","91","78","94","89","79","96","90","77","94","88","77","96","90","76","93","88","76","95","89","75","93","87","75","95","89","74","93","87","74","95","88","73","93","86","73","95","87","72","93","86","72","94","87","71","92","85","71","94","86","69","92","85","70","94","86","68","92","84","69","94","85","67","92","84","68","93","85","66","91","83","66","93","84","65","91","83"
"Luxembourg","99","97","98","89","97","97","99","97","98","89","97","96","99","97","98","88","96","95","99","97","98","88","96","95","99","97","98","87","95","94","99","97","98","87","95","94","99","97","98","86","94","93","99","97","98","86","93","92","99","97","98","85","93","92","99","97","98","85","92","91","99","97","98","85","92","91","99","97","98","85","92","91","99","97","98","85","92","91","99","97","98","85","92","91","99","98","98","85","92","91","99","98","98","85","92","91","99","98","98","85","92","91","99","98","98","85","92","91"
"Madagascar","6","18","11","","","","6","17","10","","","","6","17","10","","","","6","16","9","","","","6","16","9","","","","5","15","9","","","","5","15","8","","","","5","14","8","","","","5","14","8","","","","5","13","7","","","","4","13","7","","","","4","12","6","","","","4","12","6","","","","4","11","6","","","","3","11","5","","","","3","10","5","","","","3","10","5","","","","3","9","5","","",""
"Malawi","25","34","26","","","","24","34","26","","","","24","34","26","","","","24","34","25","","","","23","34","25","","","","23","33","25","","","","23","33","24","","","","22","33","24","","","","22","33","24","","","","22","33","23","","","","21","33","23","","","","21","33","23","","","","21","33","22","","","","20","32","22","","","","20","32","22","","","","20","32","21","","","","19","32","21","","","","19","32","21","","",""
"Malaysia","99","100","100","","","89","99","100","100","","","87","99","100","100","","","86","99","100","100","","","85","98","100","99","","","84","98","100","99","","","83","98","100","99","","","82","97","99","99","","","82","97","99","99","","","81","97","99","98","","","80","97","99","98","","","79","96","99","98","","","79","96","99","98","","","79","96","99","98","","","79","95","99","97","","","78","95","99","97","","","78","95","98","97","","","78","94","98","97","","","78"
"Maldives","99","99","99","","","","99","99","99","","","","99","99","99","","","","97","99","98","","","","95","98","96","","","","93","98","94","","","","90","97","93","","","","88","96","91","","","","86","96","89","","","","84","95","88","","","","81","95","86","","","","79","95","85","","","","77","94","83","","","","75","94","81","","","","73","93","79","","","","71","93","78","","","","69","93","76","","","","67","92","74","","",""
"Mali","29","53","39","26","9","19","28","52","38","24","9","18","26","51","36","23","9","17","25","50","35","22","9","17","24","48","33","20","9","16","22","47","32","19","9","15","21","46","30","18","8","15","20","45","29","17","8","14","18","44","27","16","8","13","17","43","26","15","8","12","16","41","25","14","8","12","15","40","23","13","8","11","14","39","22","12","8","10","13","38","21","11","8","10","12","37","20","10","7","9","11","36","18","9","7","9","10","35","17","8","7","8","9","34","16","7","7","7"
"Malta","100","100","100","93","93","93","100","100","100","93","93","93","100","100","100","93","93","93","100","100","100","93","93","93","100","100","100","93","93","93","100","100","100","93","93","93","100","100","100","93","93","93","100","100","100","93","93","93","100","100","100","93","93","93","100","100","100","93","93","93","100","100","100","93","93","93","100","100","100","93","93","93","100","100","100","93","93","93","100","100","100","93","93","93","100","100","100","93","93","93","100","100","100","93","93","93","100","100","100","93","93","93","100","100","100","93","93","93"
"Marshall Islands","59","91","83","","","","59","91","83","","","","59","91","83","","","","59","91","83","","","","59","90","82","","","","59","90","82","","","","59","90","82","","","","59","90","82","","","","59","90","81","","","","59","90","81","","","","59","89","81","","","","59","89","81","","","","59","89","80","","","","59","89","80","","","","59","89","80","","","","59","89","80","","","","59","89","80","","","","","","","","",""
"Mauritania","19","75","48","","","","18","72","46","","","","17","68","43","","","","17","65","41","","","","16","62","39","","","","15","60","37","","","","14","57","35","","","","14","54","32","","","","13","51","30","","","","12","49","29","","","","12","46","27","","","","11","44","25","","","","10","41","23","","","","10","40","22","","","","9","38","21","","","","8","37","20","","","","8","36","18","","","","7","34","17","","",""
"Mauritius","95","96","96","","","","95","96","96","","","","95","96","96","","","","95","96","96","","","","95","96","96","","","","95","96","95","","","","94","95","95","","","","94","95","94","","","","93","95","94","","","","93","95","93","","","","92","94","93","","","","92","94","93","","","","91","94","92","","","","91","93","92","","","","90","93","91","","","","89","93","91","","","","89","93","90","","","","88","92","90","","",""
"Mexico","82","93","91","","52","50","81","93","90","","50","48","79","92","89","","47","46","77","91","89","","45","43","76","91","88","","42","41","74","90","87","","40","39","72","90","86","","38","36","71","89","85","","35","34","69","88","84","","33","32","67","88","83","","31","30","65","87","82","","29","28","64","86","81","","26","26","62","86","80","","24","24","60","85","79","","22","22","58","85","78","","20","20","56","84","77","","18","18","54","83","76","","18","18","53","83","75","","18","18"
"Micronesia (Federated States of)","","","88","","","","","","88","","","","","","88","","","","","","84","","","","","","80","","","","","","76","","","","","","71","","","","","","67","","","","","","63","","","","","","59","","","","","","54","","","","","","50","","","","","","46","","","","","","42","","","","","","37","","","","","","33","","","","","","29","","","","","","25","","",""
"Monaco","","100","100","","100","100","","100","100","","100","100","","100","100","","100","100","","100","100","","100","100","","100","100","","100","100","","100","100","","100","100","","100","100","","100","100","","100","100","","100","100","","100","100","","100","100","","100","100","","100","100","","100","100","","100","100","","100","100","","100","100","","100","100","","100","100","","100","100","","100","100","","100","100","","100","100","","100","100","","100","100","","100","100","","100","100","","100","100","","100","100"
"Mongolia","42","66","58","","","","42","66","58","","","","40","66","58","","","","39","66","58","","","","38","66","57","","","","37","66","57","","","","36","66","56","","","","35","65","56","","","","34","65","55","","","","33","65","54","","","","32","65","53","","","","31","65","52","","","","30","65","52","","","","29","64","51","","","","28","64","50","","","","28","64","49","","","","27","64","49","","","","26","64","48","","",""
"Montenegro","94","100","98","","30","","94","100","98","","30","","94","100","98","","30","","93","99","97","","30","","93","98","96","","30","","92","97","95","","30","","91","96","95","","31","","90","96","94","","31","","90","95","93","","31","","89","94","92","","31","","88","93","91","","31","","87","92","90","","31","","","","","","","","","","","","","","","","","","","","","","","","","","","","","","","","","","","","",""
"Morocco","79","94","89","","40","39","79","94","88","","40","39","77","94","88","","40","39","75","94","87","","40","38","74","94","86","","40","38","71","93","84","","40","38","69","92","83","","40","37","67","91","81","","39","37","65","90","80","","39","36","63","89","78","","39","36","61","89","76","","39","36","59","88","75","","38","35","57","87","73","","38","35","55","86","72","","38","34","52","85","70","","37","34","50","84","68","","37","33","48","83","67","","37","32","46","83","66","","37","32"
"Mozambique","17","52","29","16","","","16","51","28","15","","","15","50","27","14","","","14","49","26","13","","","13","47","24","13","","","12","46","23","12","","","11","45","22","11","","","10","44","21","10","","","9","43","20","9","","","8","41","19","8","","","8","40","17","7","","","7","39","16","6","","","6","38","15","6","","","5","36","14","5","","","4","35","13","4","","","3","34","12","3","","","3","33","11","2","","","2","32","10","2","",""
"Myanmar","59","76","64","","","","60","76","65","","","","60","77","65","","","","61","77","65","","","","61","78","66","","","","61","78","66","","","","62","78","67","","","","62","79","67","","","","63","79","67","","","","63","79","68","","","","64","80","68","","","","64","80","69","","","","64","81","69","","","","65","81","69","","","","65","81","70","","","","66","82","70","","","","66","82","70","","","","67","82","71","","",""
"Namibia","18","51","35","","","","18","52","34","","","","18","52","34","","","","17","53","34","","","","17","53","33","","","","17","54","33","","","","16","54","33","","","","16","55","32","","","","16","55","32","","","","16","55","31","","","","15","56","31","","","","15","56","31","","","","15","57","30","","","","14","57","30","","","","14","58","29","","","","14","58","29","","","","14","59","28","","","","13","59","28","","",""
"Nauru","","66","66","","","","","66","66","","","","","66","66","","","","","66","66","","","","","66","66","","","","","66","66","","","","","66","66","","","","","66","66","","","","","66","66","","","","","66","66","","","","","66","66","","","","","66","66","","","","","66","66","","","","","66","66","","","","","66","66","","","","","66","66","","","","","66","66","","","","","66","66","","",""
"Nepal","61","67","62","","","","57","65","59","","","","54","63","56","","","","51","60","53","","","","48","58","50","","","","45","56","47","","","","42","54","44","","","","39","52","41","","","","36","50","38","","","","33","48","35","","","","30","46","33","","","","27","44","30","","","","25","42","27","","","","22","40","25","","","","20","38","22","","","","17","36","20","","","","15","34","17","","","","12","33","15","","",""
"Netherlands","100","98","98","97","97","97","100","98","98","97","97","97","100","98","98","97","97","97","100","98","98","97","97","97","100","98","98","97","97","97","100","98","98","97","97","97","100","98","98","97","97","97","100","98","98","97","97","97","100","98","98","97","97","97","100","98","98","97","97","97","100","98","98","97","97","97","100","98","98","97","97","97","100","98","98","97","97","97","100","98","98","97","97","97","100","98","98","97","97","97","100","98","98","97","97","97","100","98","98","97","97","97","100","98","98","97","97","97"
"New Zealand","100","100","100","","","89","100","100","100","","","88","100","100","100","","","87","100","100","100","","","87","100","100","100","","","86","100","100","100","","","86","100","100","100","","","85","100","100","100","","","84","100","100","100","","","84","100","100","100","","","83","100","100","100","","","83","100","100","100","","","82","100","100","100","","","82","100","100","100","","","81","100","100","100","","","80","100","100","100","","","80","100","100","100","","","79","100","100","100","","","79"
"Nicaragua","62","84","74","","","","62","84","74","","","","60","83","73","","","","59","82","72","","","","58","81","71","","","","57","80","70","","","","56","80","69","","","","55","79","68","","","","54","78","67","","","","52","77","66","","","","51","76","65","","","","50","75","64","","","","49","75","63","","","","48","74","62","","","","47","73","61","","","","46","72","60","","","","45","71","59","","","","43","71","58","","",""
"Niger","8","44","14","7","23","10","7","43","13","7","23","9","7","42","13","6","23","9","7","41","12","6","22","9","7","40","12","6","22","8","6","39","11","6","21","8","6","38","11","5","21","8","6","37","11","5","20","7","5","36","10","5","20","7","5","34","10","4","19","7","4","33","9","4","19","6","4","32","9","4","18","6","4","31","8","3","18","6","3","30","8","3","17","5","3","29","7","2","17","5","2","28","6","2","16","4","2","26","6","1","15","4","1","25","5","1","15","3"
"Nigeria","31","48","39","24","30","27","31","47","38","24","29","27","31","45","38","24","29","26","30","44","37","24","29","26","30","43","36","24","28","26","30","42","36","24","28","26","30","41","35","24","28","26","30","40","34","25","27","26","30","39","34","25","27","26","30","38","33","25","27","26","30","37","33","25","26","25","30","35","32","25","26","25","30","34","31","25","26","25","29","33","31","25","25","25","29","32","30","25","25","25","29","31","30","25","25","25","29","30","29","25","24","24","29","30","30","25","24","25"
"Niue","","","97","","","","","","97","","","","","","97","","","","","","97","","","","","","97","","","","","","97","","","","","","98","","","","","","98","","","","","","99","","","","","","99","","","","","","100","","","","","","100","","","","","","100","","","","","","100","","","","","","100","","","","","","100","","","","","","100","","","","","","100","","",""
"Norway","98","98","98","","","76","98","98","98","","","76","98","98","98","","","76","98","98","98","","","76","98","98","98","","","75","98","98","98","","","75","98","98","98","","","75","98","98","98","","","75","98","98","98","","","75","98","98","98","","","75","98","98","98","","","74","98","98","98","","","74","98","98","98","","","74","98","98","98","","","74","98","98","98","","","74","98","98","98","","","73","98","98","98","","","73","98","98","98","","","73"
"Oman","100","100","100","","","","100","100","100","","","","100","100","100","","","","99","100","100","","","","98","100","100","","","","96","100","99","","","","94","99","98","","","","93","99","97","","","","91","98","96","","","","89","97","95","","","","87","97","94","","","","86","96","93","","","","84","96","92","","","","82","95","91","","","","80","95","90","","","","78","94","90","","","","77","93","89","","","","77","93","89","","",""
"Pakistan","50","77","60","","","","48","76","58","","","","46","76","57","","","","44","75","55","","","","42","74","54","","","","41","73","52","","","","39","73","51","","","","37","72","49","","","","35","71","47","","","","33","70","46","","","","31","69","44","","","","29","69","42","","","","27","68","41","","","","24","67","39","","","","22","67","37","","","","19","67","35","","","","17","66","33","","","","14","66","31","","",""
"Palau","100","100","100","","","","100","100","100","","","","100","100","100","","","","100","100","100","","","","100","100","100","","","","100","100","100","","","","100","100","100","","","","100","100","100","","","","99","100","100","","","","99","100","100","","","","99","100","100","","","","99","100","100","","","","99","100","99","","","","99","100","99","","","","99","100","99","","","","99","100","99","","","","99","100","99","","","","99","100","99","","",""
"Panama","65","92","83","","","","64","91","82","","","","62","91","81","","","","61","89","80","","","","60","88","78","","","","59","87","77","","","","58","85","76","","","","56","84","74","","","","55","82","73","","","","54","81","72","","","","53","80","70","","","","52","79","69","","","","50","77","67","","","","49","76","66","","","","48","75","65","","","","47","73","63","","","","45","72","62","","","","44","71","61","","",""
"Papua New Guinea","8","48","13","","","","8","49","14","","","","9","49","14","","","","9","50","15","","","","10","51","15","","","","11","52","16","","","","11","53","17","","","","12","54","17","","","","12","54","18","","","","13","55","18","","","","13","56","19","","","","14","57","20","","","","15","58","20","","","","15","58","21","","","","15","58","21","","","","15","58","21","","","","15","58","21","","","","15","58","21","","",""
"Paraguay","83","94","90","66","54","58","81","94","89","65","53","58","79","93","88","63","53","57","77","93","87","61","53","56","76","92","86","59","53","55","74","92","84","58","52","54","72","91","83","56","52","54","70","90","82","54","52","53","68","90","81","52","52","52","67","89","80","51","51","51","65","89","79","49","51","50","63","88","78","47","51","49","61","88","77","45","51","48","59","87","75","44","50","47","58","87","74","42","50","47","56","86","73","40","50","46","54","86","72","38","50","45","52","85","70","36","49","44"
"Peru","56","80","74","","51","43","55","79","74","","49","41","53","79","73","","46","39","51","79","73","","44","37","50","79","72","","42","35","48","79","72","","39","33","47","79","71","","37","31","45","79","71","","35","29","43","79","70","","33","27","42","78","70","","30","25","40","78","69","","28","23","39","78","68","","26","21","37","78","68","","24","20","35","78","67","","22","18","34","78","66","","19","16","32","78","66","","17","15","31","77","65","","15","13","29","77","64","","13","11"
"Philippines","75","78","77","50","54","52","73","78","75","49","54","51","71","78","74","48","53","50","70","77","73","47","53","49","68","77","72","46","52","49","67","76","71","45","52","48","65","76","70","44","51","47","63","75","69","43","51","46","62","75","68","42","50","46","60","74","67","41","50","45","59","74","66","40","49","44","57","73","65","39","49","44","57","73","64","39","49","43","56","73","64","38","49","43","55","73","63","38","49","43","55","73","63","37","49","42","54","72","63","36","48","42","53","72","62","36","48","42"
"Poland","99","99","99","","","93","99","98","98","","","93","97","98","98","","","92","96","98","97","","","91","95","97","96","","","90","93","97","96","","","90","92","97","95","","","89","91","97","94","","","88","89","96","94","","","87","88","96","93","","","86","87","96","92","","","85","85","96","92","","","84","84","95","91","","","83","83","95","90","","","82","81","95","90","","","81","80","95","89","","","81","79","94","88","","","80","77","94","88","","","79"
"Portugal","100","100","100","","93","85","100","99","100","","93","85","100","99","99","","90","82","99","99","99","","87","79","99","99","99","","83","76","99","99","99","","80","73","99","99","99","","77","71","98","99","99","","74","68","98","99","99","","71","65","98","99","99","","68","62","98","99","98","","65","60","97","99","98","","62","57","97","99","98","","58","54","97","99","98","","55","52","97","99","98","","52","49","96","99","98","","52","49","96","99","97","","52","49","96","98","97","","52","49"
"Qatar","","","100","","","96","","","100","","","95","","","100","","","94","","","100","","","93","","","100","","","92","","","100","","","91","","","100","","","90","","","100","","","88","","","100","","","87","","","100","","","86","","","100","","","86","","","100","","","86","","","100","","","86","","","100","","","86","","","100","","","86","","","100","","","86","","","100","","","86","","","100","","","86"
"Republic of Korea","","","100","","","100","","","100","","","100","","","100","","","100","","","100","","","99","","","100","","","98","","","100","","","97","","","100","","","97","","","100","","","96","","","100","","","95","","","100","","","94","","","100","","","93","","","100","","","92","","","100","","","91","","","100","","","90","","","100","","","89","","","100","","","88","","","100","","","87","","","100","","","86"
"Republic of Moldova","69","86","76","","78","","68","86","76","","77","","68","86","75","","77","","67","86","75","","76","","67","86","75","","76","","67","86","75","","76","","66","87","75","","75","","66","87","75","","75","","66","88","75","","75","","66","88","75","","75","","66","88","75","","75","","65","89","75","","74","","65","89","75","","74","","65","89","75","","74","","65","90","76","","74","","64","89","75","","73","","63","89","75","","72","","62","89","74","","72",""
"Romania","71","95","84","","","77","70","95","84","","","74","69","95","83","","","72","67","95","82","","","70","66","95","81","","","69","64","94","81","","","67","63","94","80","","","65","62","94","79","","","63","60","94","78","","","62","59","94","77","","","60","57","94","77","","","59","56","93","76","","","57","55","93","75","","","56","55","93","75","","","55","55","93","75","","","54","55","93","75","","","54","55","93","75","","","54","","","","","",""
"Russian Federation","78","95","90","55","63","61","77","95","90","54","63","61","75","95","90","53","63","61","74","95","89","52","63","60","73","95","89","51","63","60","71","94","88","50","63","59","70","94","88","49","62","59","69","94","88","48","62","59","67","94","87","47","62","58","66","94","87","46","62","58","65","94","86","45","62","57","63","94","86","45","62","57","62","94","85","44","61","57","60","94","85","43","61","56","59","94","85","42","61","56","58","94","84","41","61","56","56","94","84","40","61","55","55","94","83","39","61","55"
"Rwanda","70","52","67","","","","68","53","65","","","","66","53","64","","","","65","54","63","","","","63","55","62","","","","62","55","61","","","","60","56","59","","","","59","57","58","","","","57","58","57","","","","55","58","56","","","","54","59","55","","","","52","60","53","","","","50","60","52","","","","49","61","51","","","","47","61","50","","","","46","62","48","","","","44","63","47","","","","42","63","45","","",""
"Saint Kitts and Nevis","","","","","","","","","","","","","","","","","","","","","","","","","","","92","","","","","","92","","","","","","92","","","","","","92","","","","","","92","","","","","","91","","","","","","90","","","","","","90","","","","","","89","","","","","","88","","","","","","87","","","","","","87","","","","","","86","","","","","","85","","",""
"Saint Lucia","91","78","88","","","","91","78","88","","","","91","78","88","","","","91","78","88","","","","91","78","89","","","","90","79","88","","","","89","80","87","","","","88","80","87","","","","87","81","86","","","","86","81","85","","","","85","81","84","","","","84","82","84","","","","83","82","83","","","","82","82","82","","","","81","83","81","","","","81","83","81","","","","81","83","82","","","","81","83","82","","",""
"Saint Vincent and the Grenadines","","","87","","","","","","87","","","","","","87","","","","","","87","","","","","","86","","","","","","85","","","","","","84","","","","","","83","","","","","","81","","","","","","80","","","","","","79","","","","","","78","","","","","","77","","","","","","76","","","","","","74","","","","","","73","","","","","","72","","","","","","71","","",""
"Samoa","98","98","98","51","38","48","98","99","98","51","38","49","98","99","98","51","38","49","98","99","98","51","39","49","98","99","98","51","39","49","98","99","98","52","39","49","98","99","98","52","39","49","98","99","98","52","40","49","98","99","98","52","40","49","97","99","98","52","40","50","97","99","98","52","40","50","97","99","98","52","40","50","97","99","98","52","40","50","97","99","98","52","41","50","97","99","98","52","41","49","97","99","98","52","41","49","97","99","98","52","41","49","97","99","98","52","41","49"
"San Marino","","","100","","","77","","","100","","","77","","","100","","","77","","","100","","","77","","","100","","","77","","","100","","","77","","","100","","","77","","","100","","","77","","","100","","","77","","","100","","","77","","","100","","","77","","","100","","","77","","","100","","","77","","","100","","","77","","","100","","","77","","","100","","","77","","","100","","","77","","","100","","","77"
"Sao Tome and Principe","31","48","43","","","","31","48","43","","","","30","46","41","","","","28","45","40","","","","27","44","38","","","","26","42","37","","","","25","41","35","","","","24","40","34","","","","22","38","33","","","","21","37","31","","","","20","36","30","","","","19","34","28","","","","18","33","27","","","","17","32","25","","","","16","30","24","","","","15","29","23","","","","15","28","22","","","","14","26","20","","",""
"Saudi Arabia","","","100","","","78","","","100","","","77","","","100","","","76","","","100","","","76","","","100","","","75","","","99","","","74","","","99","","","74","","","99","","","73","","","99","","","72","","","99","","","72","","","99","","","71","","","99","","","70","","","99","","","70","","","99","","","69","","","99","","","69","","","98","","","68","","","98","","","68","","","98","","","68"
"Senegal","40","65","51","21","22","21","39","65","51","21","21","21","38","65","50","20","20","20","36","65","49","20","20","20","35","65","49","19","19","19","34","65","48","19","18","19","33","65","47","18","18","18","32","65","46","18","17","17","31","65","46","17","16","17","30","64","45","17","16","17","29","64","44","16","16","16","28","64","43","16","16","16","27","64","43","16","16","16","26","64","42","15","16","16","25","64","41","15","16","15","24","64","40","14","16","15","23","64","40","14","16","15","23","63","39","13","16","14"
"Serbia","95","100","98","","23","25","95","99","98","","23","25","95","99","98","","23","24","95","99","97","","22","24","95","99","97","","22","24","95","99","97","","21","25","95","98","97","","21","25","95","98","97","","20","25","95","98","96","","20","25","94","97","96","","20","26","94","97","96","","19","26","94","97","96","","19","26","94","97","95","","19","27","94","96","95","","19","27","94","96","95","","19","28","94","96","95","","19","28","94","96","95","","19","29","94","96","95","","19","29"
"Seychelles","","","100","","","","","","100","","","","","","100","","","","","","100","","","","","","100","","","","","","99","","","","","","99","","","","","","98","","","","","","98","","","","","","98","","","","","","97","","","","","","97","","","","","","96","","","","","","96","","","","","","95","","","","","","95","","","","","","95","","","","","","94","","",""
"Sierra Leone","9","26","16","8","20","13","8","25","15","8","20","13","8","25","15","8","20","13","8","25","15","8","20","12","8","24","14","7","19","12","7","24","14","7","19","12","7","24","14","7","19","12","7","23","13","7","19","11","7","23","13","6","18","11","6","23","13","6","18","11","6","22","12","6","18","10","6","22","12","6","18","10","6","22","12","6","17","10","5","21","11","5","17","10","5","21","11","5","17","9","5","21","11","5","17","9","5","21","10","5","17","9","5","20","10","5","16","9"
"Singapore","","100","100","","100","100","","100","100","","100","100","","100","100","","100","100","","100","100","","100","100","","100","100","","100","100","","100","100","","100","100","","100","100","","100","100","","100","100","","100","100","","100","100","","100","100","","100","100","","100","100","","100","100","","100","100","","100","100","","100","100","","100","100","","100","100","","100","100","","100","100","","100","100","","100","100","","100","100","","100","100","","100","100","","100","100","","100","100","","100","100"
"Slovakia","97","99","98","76","88","83","97","99","98","76","88","83","97","99","98","76","89","83","97","99","98","76","89","83","97","99","98","76","89","83","97","99","98","76","89","83","97","99","98","76","89","83","97","99","98","76","89","83","97","99","98","76","89","83","97","99","98","76","89","83","97","99","98","76","89","84","97","99","98","76","89","84","97","99","98","76","90","84","97","99","98","77","90","84","97","99","98","77","90","84","97","99","98","77","90","84","97","99","98","77","90","84","97","99","98","77","90","84"
"Slovenia","99","99","99","","","83","99","99","99","","","83","99","99","99","","","83","99","99","99","","","82","99","99","99","","","82","99","99","99","","","81","99","99","99","","","80","99","99","99","","","79","99","99","99","","","79","99","99","99","","","78","99","99","99","","","77","99","99","99","","","77","99","99","99","","","76","99","99","99","","","75","99","99","99","","","75","99","99","99","","","75","99","99","99","","","75","99","99","99","","","74"
"Solomon Islands","20","78","34","","","","19","78","33","","","","19","77","32","","","","18","75","31","","","","18","74","30","","","","17","73","29","","","","17","71","28","","","","16","70","27","","","","16","68","26","","","","15","67","25","","","","14","66","24","","","","14","64","23","","","","13","63","22","","","","13","62","21","","","","13","62","21","","","","13","62","21","","","","13","62","21","","","","13","62","20","","",""
"Somalia","20","61","38","","","","19","60","37","","","","18","59","36","","","","17","58","34","","","","16","57","33","","","","15","55","32","","","","14","54","31","","","","13","53","29","","","","13","52","27","","","","12","51","26","","","","11","50","24","","","","10","49","25","","","","9","48","23","","","","9","47","22","","","","8","46","22","","","","8","46","21","","","","8","45","20","","","","7","45","20","","",""
"South Africa","75","76","76","","","","73","76","75","","","","71","76","74","","","","69","75","73","","","","67","75","72","","","","65","75","71","","","","63","74","70","","","","61","74","69","","","","59","74","68","","","","57","74","67","","","","55","73","66","","","","53","73","65","","","","51","73","64","","","","50","72","63","","","","48","72","62","","","","46","72","61","","","","44","71","60","","","","42","71","59","","",""
"South Sudan","5","37","11","","","","5","34","10","","","","5","30","10","","","","5","27","9","","","","4","24","8","","","","4","21","7","","","","4","19","7","","","","","","","","","","","","","","","","","","","","","","","","","","","","","","","","","","","","","","","","","","","","","","","","","","","","","","","","","","","","","","","","","","","","",""
"Spain","100","100","100","97","97","97","100","100","100","97","97","97","100","100","100","97","97","97","100","100","100","96","96","96","100","100","100","96","96","96","100","100","100","96","96","96","100","100","100","96","96","96","100","100","100","95","96","96","100","100","100","95","96","95","100","100","100","95","95","95","100","100","100","94","95","95","100","100","100","94","95","95","100","100","100","94","95","95","100","100","100","94","95","94","100","100","100","93","95","94","100","100","100","93","95","94","100","100","100","93","95","94","100","100","100","93","95","94"
"Sri Lanka","96","95","96","","","","95","94","95","","","","95","93","94","","","","94","92","94","","","","94","91","93","","","","93","89","92","","","","92","88","92","","","","92","87","91","","","","91","86","90","","","","91","85","90","","","","90","85","89","","","","89","85","88","","","","88","85","88","","","","88","85","87","","","","87","85","87","","","","86","85","86","","","","85","85","85","","","","85","85","85","","",""
"Sudan","24","60","37","","","","24","60","36","","","","23","58","35","","","","22","57","34","","","","21","55","32","","","","20","53","31","","","","19","52","30","","","","17","50","28","","","","16","48","27","","","","15","47","26","","","","14","45","24","","","","13","43","23","","","","12","42","22","","","","11","40","21","","","","11","40","21","","","","11","40","21","","","","11","40","21","","","","11","40","21","","",""
"Suriname","75","89","84","","","","74","89","84","","","","73","89","84","","","","72","89","84","","","","71","89","83","","","","70","89","83","","","","69","89","83","","","","68","89","82","","","","67","89","82","","","","67","89","82","","","","66","89","81","","","","65","89","81","","","","64","89","81","","","","63","89","81","","","","62","89","80","","","","61","89","80","","","","60","89","80","","","","59","89","79","","",""
"Sweden","100","99","99","88","94","93","100","99","99","88","94","93","100","99","99","88","94","93","100","99","99","88","94","93","100","99","99","88","94","93","100","99","99","88","94","93","100","99","99","88","94","93","100","99","99","88","94","93","100","99","99","88","94","93","100","99","99","88","94","93","100","99","99","88","94","93","100","99","99","88","94","93","100","99","99","88","94","93","100","99","99","88","94","93","100","99","99","87","94","93","100","99","99","87","94","93","100","99","99","87","93","93","100","99","99","87","93","92"
"Switzerland","100","100","100","99","100","100","100","100","100","99","100","100","100","100","100","99","100","100","100","100","100","99","100","100","100","100","100","99","100","99","100","100","100","99","100","99","100","100","100","99","99","99","100","100","100","99","99","99","100","100","100","99","99","99","100","100","100","99","99","99","100","100","100","99","99","99","100","100","100","98","99","99","100","100","100","98","99","98","100","100","100","98","98","98","100","100","100","98","98","98","100","100","100","98","98","98","100","100","100","98","98","98","100","100","100","98","98","98"
"Syrian Arab Republic","91","91","91","","","","91","92","91","","","","91","92","92","","","","91","93","92","","","","91","93","92","","","","90","94","92","","","","90","94","92","","","","90","94","93","","","","90","95","93","","","","90","95","93","","","","90","95","93","","","","90","96","93","","","","90","96","93","","","","90","97","93","","","","89","97","93","","","","89","97","93","","","","89","96","93","","","","88","96","93","","",""
"Tajikistan","98","95","97","","","","97","95","97","","","","97","95","96","","","","96","95","96","","","","96","94","95","","","","95","94","95","","","","94","94","94","","","","94","94","94","","","","93","94","93","","","","93","94","93","","","","92","94","93","","","","92","93","92","","","","91","93","92","","","","90","93","91","","","","90","93","91","","","","89","93","90","","","","89","93","90","","","","89","93","90","","",""
"Thailand","98","99","99","","","","98","99","98","","","","98","98","98","","","","98","97","98","","","","97","97","97","","","","97","96","97","","","","97","96","96","","","","96","95","96","","","","96","95","95","","","","96","94","95","","","","95","93","95","","","","95","93","94","","","","95","92","94","","","","95","92","93","","","","94","91","93","","","","94","90","93","","","","94","90","92","","","","93","89","92","","",""
"Republic of North Macedonia","98","100","99","","8","17","97","100","99","","8","16","96","100","98","","8","16","95","100","98","","8","16","94","99","97","","8","16","92","99","96","","8","15","90","98","95","","8","15","88","97","93","","9","14","86","96","92","","9","14","84","95","90","","10","14","83","94","89","","10","14","81","93","88","","11","14","79","92","86","","11","13","77","91","85","","12","14","77","91","85","","12","14","77","91","85","","12","14","77","91","85","","12","14","77","91","85","","12","14"
"Timor-Leste","44","76","54","","","","43","75","52","","","","42","74","51","","","","41","74","50","","","","40","73","49","","","","39","72","48","","","","38","71","47","","","","37","70","46","","","","35","69","45","","","","34","68","44","","","","33","67","43","","","","32","67","41","","","","32","66","40","","","","31","64","39","","","","30","63","38","","","","29","62","37","","","","","","","","","","","","","","",""
"Togo","7","29","16","","","","7","28","16","","","","7","28","15","","","","6","28","15","","","","6","28","14","","","","6","28","14","","","","5","27","14","","","","5","27","13","","","","5","27","13","","","","4","27","13","","","","4","26","12","","","","4","26","12","","","","4","26","11","","","","3","26","11","","","","3","25","11","","","","3","25","11","","","","3","25","10","","","","3","24","10","","",""
"Tonga","92","97","93","","","","92","97","93","","","","92","97","93","","","","92","97","93","","","","92","97","93","","","","91","97","93","","","","90","97","92","","","","90","98","92","","","","89","98","91","","","","88","98","91","","","","88","98","90","","","","87","98","90","","","","86","99","89","","","","86","99","89","","","","86","99","89","","","","86","99","89","","","","86","99","89","","","","86","99","89","","",""
"Trinidad and Tobago","","","93","","","","","","93","","","","","","93","","","","","","93","","","","","","93","","","","","","93","","","","","","93","","","","","","93","","","","","","92","","","","","","92","","","","","","92","","","","","","92","","","","","","91","","","","","","91","","","","","","91","","","","","","91","","","","","","90","","","","","","90","","",""
"Tunisia","81","95","91","","88","78","81","95","91","","88","78","80","95","90","","87","77","78","95","90","","86","75","76","95","89","","85","74","73","95","88","","84","73","71","95","87","","83","71","69","95","86","","82","70","67","95","85","","81","69","64","94","84","","80","68","62","94","83","","80","66","60","94","82","","79","65","58","94","82","","78","64","56","94","81","","77","63","54","94","80","","76","61","52","94","79","","75","60","50","94","78","","75","59","48","94","77","","74","59"
"Turkey","90","100","97","","70","65","90","100","97","","70","65","90","100","97","","69","65","88","100","97","","69","64","87","99","96","","69","63","85","98","94","","68","62","84","97","93","","67","61","82","96","92","","67","61","81","96","91","","66","60","79","95","90","","65","59","78","94","89","","65","58","77","93","88","","64","57","75","92","87","","64","56","74","91","86","","63","55","72","91","84","","62","54","71","90","83","","62","54","69","89","82","","61","53","69","89","82","","61","53"
"Turkmenistan","99","98","99","","","","99","97","98","","","","99","97","98","","","","99","96","97","","","","98","95","97","","","","98","95","97","","","","98","94","96","","","","98","93","96","","","","98","93","95","","","","97","92","95","","","","97","91","94","","","","97","91","94","","","","97","90","94","","","","96","90","93","","","","96","89","93","","","","96","89","93","","","","96","89","93","","","","96","89","93","","",""
"Tuvalu","86","83","84","10","4","6","86","83","84","10","4","6","86","83","84","10","4","6","86","83","84","10","4","6","86","83","84","10","4","7","85","83","84","9","4","6","84","83","84","8","5","6","82","84","83","8","5","6","81","84","83","7","5","6","79","84","82","6","5","6","78","84","81","6","5","5","77","85","81","5","5","5","75","85","80","4","5","5","75","85","80","4","5","5","75","85","80","4","5","5","75","85","80","4","5","5","75","85","80","4","5","5","","","","","",""
"Uganda","16","26","18","","","","16","26","18","","","","16","27","18","","","","16","27","18","","","","16","27","18","","","","16","27","18","","","","16","28","18","","","","16","28","18","","","","16","28","18","","","","16","28","18","","","","16","29","18","","","","16","29","18","","","","16","29","18","","","","15","30","18","","","","15","30","18","","","","15","30","18","","","","15","30","17","","","","15","31","17","","",""
"Ukraine","94","97","96","","66","68","94","97","96","","63","66","94","97","96","","60","64","94","97","96","","58","62","93","97","96","","55","59","93","97","96","","52","56","92","97","96","","49","54","92","97","96","","46","51","92","97","96","","43","48","91","97","95","","40","45","91","97","95","","39","45","91","97","95","","39","45","90","97","95","","38","44","90","97","95","","38","44","90","97","95","","38","43","89","97","95","","37","43","89","97","94","","37","42","89","97","94","","37","42"
"United Arab Emirates","","","99","","","96","","","99","","","96","","","99","","","95","","","99","","","95","","","99","","","95","","","99","","","94","","","99","","","94","","","99","","","93","","","99","","","93","","","99","","","93","","","99","","","92","","","99","","","92","","","99","","","91","","","99","","","91","","","99","","","90","","","99","","","90","","","99","","","90","","","99","","","90"
"United Kingdom of Great Britain and Northern Ireland","99","99","99","92","99","98","99","99","99","92","99","98","99","99","99","92","99","98","99","99","99","92","99","98","99","99","99","92","99","98","99","99","99","92","99","98","99","99","99","92","99","98","99","99","99","92","99","98","99","99","99","92","99","98","99","99","99","92","99","98","99","99","99","92","99","98","99","99","99","92","99","98","99","99","99","92","99","98","99","99","99","92","99","98","99","99","99","92","99","97","99","99","99","92","99","97","99","99","99","92","99","97","99","99","99","92","99","97"
"United Republic of Tanzania","24","43","30","22","31","25","22","41","28","21","30","24","21","39","27","20","29","23","20","37","25","19","28","22","19","35","24","18","27","21","18","33","22","17","26","20","16","32","21","16","25","19","15","30","19","15","24","18","14","28","18","14","23","16","13","26","16","13","22","15","12","24","15","11","20","14","10","22","13","10","19","12","9","20","12","9","17","11","8","18","10","7","15","9","6","16","9","6","14","8","5","14","7","5","12","7","4","13","6","4","10","5","3","11","4","2","9","4"
"United States of America","100","100","100","","95","90","100","100","100","","95","90","100","100","100","","95","90","100","100","100","","95","90","100","100","100","","95","90","100","100","100","","95","90","100","100","100","","95","89","100","100","100","","95","89","100","100","100","","95","89","100","100","100","","95","89","100","100","100","","95","89","100","100","100","","95","89","100","100","100","","95","89","100","100","100","","95","89","100","100","100","","95","89","100","100","100","","95","88","100","100","100","","95","88","100","100","100","","95","88"
"Uruguay","97","97","97","","","","96","96","96","","","","95","96","96","","","","94","96","96","","","","93","96","96","","","","92","96","96","","","","91","96","95","","","","90","95","95","","","","89","95","95","","","","88","95","95","","","","87","95","95","","","","86","95","94","","","","86","95","94","","","","85","95","94","","","","85","95","94","","","","85","95","94","","","","85","95","94","","","","85","95","94","","",""
"Uzbekistan","100","100","100","","","","100","100","100","","","","100","100","100","","","","100","100","100","","","","100","100","100","","","","99","100","100","","","","99","100","99","","","","98","99","99","","","","97","99","98","","","","96","99","97","","","","95","99","97","","","","94","99","96","","","","93","99","96","","","","92","98","95","","","","91","98","95","","","","90","98","94","","","","89","98","93","","","","88","98","93","","",""
"Vanuatu","29","48","34","","","","32","50","36","","","","34","51","38","","","","36","53","40","","","","38","54","42","","","","41","56","44","","","","43","57","47","","","","45","59","49","","","","48","60","51","","","","50","61","53","","","","53","63","55","","","","55","64","57","","","","58","66","60","","","","60","67","62","","","","60","67","62","","","","60","67","62","","","","60","67","62","","","","60","67","62","","",""
"Venezuela (Bolivarian Republic of)","","","94","","","24","","","94","","","24","","","94","","","24","","","94","","","24","","","94","","","24","","","94","","","25","","","94","","","26","","","94","","","26","","","94","","","27","","","94","","","27","","","93","","","28","","","93","","","28","","","93","","","28","","","","","","","","","","","","","","","","","","","","","","","","","","","","","",""
"Viet Nam","78","94","84","","","","76","94","82","","","","74","93","80","","","","72","92","78","","","","70","91","76","","","","68","90","75","","","","66","89","73","","","","63","88","71","","","","61","87","69","","","","59","87","67","","","","57","86","65","","","","55","85","64","","","","53","84","62","","","","51","83","60","","","","49","82","58","","","","47","82","56","","","","45","81","54","","","","43","81","52","","",""
"Yemen","43","88","59","","67","","43","88","59","","67","","43","88","58","","67","","42","88","57","","67","","40","88","56","","67","","39","88","55","","67","","38","88","54","","67","","37","87","53","","67","","36","87","52","","67","","34","87","51","","68","","33","87","49","","68","","32","87","48","","68","","31","87","47","","68","","29","87","46","","68","","28","86","44","","68","","27","86","43","","67","","27","86","42","","67","","27","86","42","","67",""
"Zambia","19","36","26","","","","19","36","26","","","","18","37","26","","","","18","37","26","","","","17","38","26","","","","17","39","26","","","","16","39","25","","","","16","40","25","","","","15","40","25","","","","15","41","25","","","","15","42","25","","","","14","42","25","","","","14","43","25","","","","13","44","24","","","","13","44","24","","","","13","45","24","","","","12","45","24","","","","12","46","24","","",""
"Zimbabwe","31","46","36","","16","","32","48","37","","17","","32","49","38","","17","","32","50","38","","18","","33","52","39","","18","","33","53","40","","19","","33","54","40","","19","","34","56","41","","20","","34","57","42","","20","","34","58","42","","21","","35","60","43","","21","","35","61","44","","22","","35","62","45","","22","","36","64","45","","23","","36","65","46","","23","","36","65","46","","23","","36","65","46","","23","","36","65","46","","23",""
